id,notes,order_id,status
4117544,Manual Credit,50301,PENDING
4124905,Manual Credit,50841,PENDING
4106037,Manual Credit,51471,PENDING
4202711,Manual Credit,51617,PENDING
4103053,Manual Credit,52374,PENDING
4179178,Manual Credit,52376,PENDING
4106037,Manual Credit,52390,PENDING
4125659,Manual Credit,52391,PENDING
4213810,Manual Credit,52763,PENDING
4092229,Manual Credit,53518,PENDING
3860327,Manual Credit,53528,PENDING
4277385,Manual Credit,53531,PENDING
4357113,Manual Credit,54597,PENDING
4395452,Manual Credit,55253,PENDING
4281676,Manual Credit,56055,PENDING
4326192,Manual Credit,56104,PENDING
4424726,Manual Credit,56114,PENDING
4407485,Manual Credit,56145,PENDING
4326521,Manual Credit,56159,PENDING
4366543,Manual Credit,56164,PENDING
4371035,Manual Credit,56178,PENDING
4394892,Manual Credit,56246,PENDING
4015556,Manual Credit,56274,PENDING
4279492,Manual Credit,56288,PENDING
4387783,Manual Credit,56290,PENDING
4277385,Manual Credit,56300,PENDING
4371035,Manual Credit,56307,PENDING
4427497,Manual Credit,56309,PENDING
4420409,Manual Credit,56356,PENDING
4427497,Manual Credit,56374,PENDING
3134198,Manual Credit,56377,PENDING
2394695,Manual Credit,56381,PENDING
4441949,Manual Credit,56386,PENDING
4374499,Manual Credit,56392,PENDING
4371035,Manual Credit,56444,PENDING
4312163,Manual Credit,56478,PENDING
4447287,Manual Credit,56567,PENDING
4194709,Manual Credit,56584,PENDING
4324292,Manual Credit,56601,PENDING
4440933,Manual Credit,56639,PENDING
4394892,Manual Credit,56666,PENDING
4426609,Manual Credit,56674,PENDING
4444834,Manual Credit,56681,PENDING
3781664,Manual Credit,56684,PENDING
2394695,Manual Credit,56696,PENDING
4219087,Manual Credit,56711,PENDING