id,notes,order_id,status
4117544,Manual Credit,50301,PENDING
4124905,Manual Credit,50841,PENDING
4106037,Manual Credit,51471,PENDING
4202711,Manual Credit,51617,PENDING
4103053,Manual Credit,52374,PENDING
4179178,Manual Credit,52376,PENDING
4106037,Manual Credit,52390,PENDING
4125659,Manual Credit,52391,PENDING
4213810,Manual Credit,52763,PENDING
4092229,Manual Credit,53518,PENDING
3860327,Manual Credit,53528,PENDING
4277385,Manual Credit,53531,PENDING
4357113,Manual Credit,54597,PENDING
4092229,Manual Credit,54632,PENDING
4357113,Manual Credit,54648,PENDING
2187615,Manual Credit,54672,PENDING
4288802,Manual Credit,54674,PENDING
4284027,Manual Credit,54676,PENDING
4371967,Manual Credit,54710,PENDING
2517605,Manual Credit,54725,PENDING
845108,Manual Credit,54772,PENDING
4357113,Manual Credit,54796,PENDING
4152580,Manual Credit,54803,PENDING
2356222,Manual Credit,54804,PENDING
3884171,Manual Credit,54828,PENDING
4357113,Manual Credit,54844,PENDING
4092229,Manual Credit,54848,PENDING
4357113,Manual Credit,54850,PENDING
4366137,Manual Credit,54854,PENDING
4137494,Manual Credit,54865,PENDING
4351597,Manual Credit,54873,PENDING
4289520,Manual Credit,54920,PENDING
4282094,Manual Credit,54922,PENDING
4247993,Manual Credit,54924,PENDING
1022071,Manual Credit,54926,PENDING
4039883,Manual Credit,54927,PENDING
4269905,Manual Credit,54935,PENDING
4282094,Manual Credit,54941,PENDING
4357113,Manual Credit,54951,PENDING
4371035,Manual Credit,54957,PENDING
4198785,Manual Credit,54977,PENDING
4039883,Manual Credit,54981,PENDING
4371035,Manual Credit,54989,PENDING
4039883,Manual Credit,54993,PENDING
4371035,Manual Credit,54998,PENDING
3008289,Manual Credit,55005,PENDING
4382839,Manual Credit,55006,PENDING
2190550,Manual Credit,55008,PENDING
4329708,Manual Credit,55016,PENDING
1009375,Manual Credit,55049,PENDING
4357113,Manual Credit,55059,PENDING
4371035,Manual Credit,55074,PENDING
4288802,Manual Credit,55101,PENDING
776908,Manual Credit,55111,PENDING
4125999,Manual Credit,55114,PENDING
3758696,Manual Credit,55123,PENDING
4382839,Manual Credit,55125,PENDING
4231939,Manual Credit,55137,PENDING
4170771,Manual Credit,55177,PENDING
4337778,Manual Credit,55181,PENDING
4366543,Manual Credit,55182,PENDING
4337778,Manual Credit,55192,PENDING
3226648,Manual Credit,55221,PENDING
2893961,Manual Credit,55237,PENDING
4257040,Manual Credit,55246,PENDING
4395452,Manual Credit,55253,PENDING
2190085,Manual Credit,55259,PENDING
4371035,Manual Credit,55261,PENDING
4194709,Manual Credit,55317,PENDING
1134940,Manual Credit,55335,PENDING
4328848,Manual Credit,55341,PENDING
4328164,Manual Credit,55351,PENDING
4357113,Manual Credit,55365,PENDING
4328164,Manual Credit,55369,PENDING
4328164,Manual Credit,55375,PENDING
4371035,Manual Credit,55400,PENDING
4401200,Manual Credit,55410,PENDING
4401200,Manual Credit,55426,PENDING
2505417,Manual Credit,55469,PENDING
4357113,Manual Credit,55501,PENDING
4274696,Manual Credit,55513,PENDING
4198785,Manual Credit,55524,PENDING
4387783,Manual Credit,55563,PENDING
4261928,Manual Credit,55570,PENDING
4407485,Manual Credit,55610,PENDING
4081134,Manual Credit,55625,PENDING
4404965,Manual Credit,55636,PENDING
4312888,Manual Credit,55639,PENDING
4357113,Manual Credit,55641,PENDING
4404965,Manual Credit,55676,PENDING
4325228,Manual Credit,55683,PENDING
4411894,Manual Credit,55739,PENDING
2190085,Manual Credit,55743,PENDING
4371035,Manual Credit,55747,PENDING
4399458,Manual Credit,55791,PENDING
3811236,Manual Credit,55796,PENDING
4361505,Manual Credit,55814,PENDING
4371654,Manual Credit,55820,PENDING
4371035,Manual Credit,55852,PENDING
1993023,Manual Credit,55881,PENDING
4081134,Manual Credit,55882,PENDING
4265204,Manual Credit,55900,PENDING
4269166,Manual Credit,55917,PENDING
1463377,Manual Credit,55925,PENDING
3831243,Manual Credit,55928,PENDING
3824202,Manual Credit,55961,PENDING
4426609,Manual Credit,55964,PENDING
4371654,Manual Credit,56005,PENDING
4337778,Manual Credit,56011,PENDING
2893961,Manual Credit,56013,PENDING
4371035,Manual Credit,56035,PENDING
4281676,Manual Credit,56055,PENDING
4399278,Manual Credit,56061,PENDING
